{
  "hash": "478e4f8a",
  "configHash": "828ea6cf",
  "lockfileHash": "928ba25e",
  "browserHash": "b1e77407",
  "optimized": {
    "@angular/common": {
      "src": "../../../../../node_modules/@angular/common/fesm2022/common.mjs",
      "file": "@angular_common.js",
      "fileHash": "ce9e2614",
      "needsInterop": false
    },
    "@angular/core": {
      "src": "../../../../../node_modules/@angular/core/fesm2022/core.mjs",
      "file": "@angular_core.js",
      "fileHash": "3bc8bbb1",
      "needsInterop": false
    },
    "@angular/platform-browser": {
      "src": "../../../../../node_modules/@angular/platform-browser/fesm2022/platform-browser.mjs",
      "file": "@angular_platform-browser.js",
      "fileHash": "fdbbbcdd",
      "needsInterop": false
    },
    "@angular/platform-browser/animations/async": {
      "src": "../../../../../node_modules/@angular/platform-browser/fesm2022/animations/async.mjs",
      "file": "@angular_platform-browser_animations_async.js",
      "fileHash": "78e2bdc6",
      "needsInterop": false
    }
  },
  "chunks": {
    "chunk-U3BADXP5": {
      "file": "chunk-U3BADXP5.js"
    },
    "browser-HCOVA2ZG": {
      "file": "browser-HCOVA2ZG.js"
    },
    "chunk-L34AGQ6Q": {
      "file": "chunk-L34AGQ6Q.js"
    },
    "chunk-KKEC5XZ5": {
      "file": "chunk-KKEC5XZ5.js"
    }
  }
}